First Name,Last Name,Email
Sairam,Kanchinadham,ksairam1@gmail.com
Kawal,Arora,kawalarora@gmail.com
Amrit,Anand,amrit.anand@mba.christuniversity.in
Shreenivas,Hegde,shreenivas.km@gmail.com
Anish,Kumar,smartpcadvisor@gmail.com
Tanuj,Soni,tanujsoni@live.com
Anil,K,anil@vitwit.com
Chander,Damodaran,cdamodaran@gmail.com
Rajbir,Kaur,rajbir.absi@gmail.com
H,G,jhuh@hbhh.bv
Amitesh,Misra,amitesh.misra@gmail.com
Krishna,Mohan,krishna_mohan_ba@yahoo.com
Mohit,Goyal,noreplypalvu@gmail.com
